"Data Source","World Development Indicators",

"Last Updated Date","2020-02-27",

"Country Name","Country Code","Indicator Name","Indicator Code","1960","1961","1962","1963","1964","1965","1966","1967","1968","1969","1970","1971","1972","1973","1974","1975","1976","1977","1978","1979","1980","1981","1982","1983","1984","1985","1986","1987","1988","1989","1990","1991","1992","1993","1994","1995","1996","1997","1998","1999","2000","2001","2002","2003","2004","2005","2006","2007","2008","2009","2010","2011","2012","2013","2014","2015","2016","2017","2018","2019",
"Aruba","ABW","CPIA transparency, accountability, and corruption in the public sector rating (1=low to 6=high)","IQ.CPA.TRAN.XQ","","","","","","","","","","","","","","","","","","","","","","","","","","","","","","","","","","","","","","","","","","","","","","","","","","","","","","","","","","","","",
"Afghanistan","AFG","CPIA transparency, accountability, and corruption in the public sector rating (1=low to 6=high)","IQ.CPA.TRAN.XQ","","","","","","","","","","","","","","","","","","","","","","","","","","","","","","","","","","","","","","","","","","","","","","","2.5","2","2","2","2","2","2","2","2","2","2","2","2","",
"Angola","AGO","CPIA transparency, accountability, and corruption in the public sector rating (1=low to 6=high)","IQ.CPA.TRAN.XQ","","","","","","","","","","","","","","","","","","","","","","","","","","","","","","","","","","","","","","","","","","","","","","2.5","2.5","2.5","2.5","2.5","2.5","2.5","2.5","2.5","","","","","","",
"Albania","ALB","CPIA transparency, accountability, and corruption in the public sector rating (1=low to 6=high)","IQ.CPA.TRAN.XQ","","","","","","","","","","","","","","","","","","","","","","","","","","","","","","","","","","","","","","","","","","","","","","3","2.5","","","","","","","","","","","","","",
"Andorra","AND","CPIA transparency, accountability, and corruption in the public sector rating (1=low to 6=high)","IQ.CPA.TRAN.XQ","","","","","","","","","","","","","","","","","","","","","","","","","","","","","","","","","","","","","","","","","","","","","","","","","","","","","","","","","","","","",
"Arab World","ARB","CPIA transparency, accountability, and corruption in the public sector rating (1=low to 6=high)","IQ.CPA.TRAN.XQ","","","","","","","","","","","","","","","","","","","","","","","","","","","","","","","","","","","","","","","","","","","","","","2.5","2.5","2.6","2.5","2.4","2.3","2.3","2.2","2.2","2.3","2.2","2.2","2.08333333333333","2.2","",
"United Arab Emirates","ARE","CPIA transparency, accountability, and corruption in the public sector rating (1=low to 6=high)","IQ.CPA.TRAN.XQ","","","","","","","","","","","","","","","","","","","","","","","","","","","","","","","","","","","","","","","","","","","","","","","","","","","","","","","","","","","","",
"Argentina","ARG","CPIA transparency, accountability, and corruption in the public sector rating (1=low to 6=high)","IQ.CPA.TRAN.XQ","","","","","","","","","","","","","","","","","","","","","","","","","","","","","","","","","","","","","","","","","","","","","","","","","","","","","","","","","","","","",
"Armenia","ARM","CPIA transparency, accountability, and corruption in the public sector rating (1=low to 6=high)","IQ.CPA.TRAN.XQ","","","","","","","","","","","","","","","","","","","","","","","","","","","","","","","","","","","","","","","","","","","","","","2.5","3.5","3.5","3","3","3","3","3.5","3.5","","","","","","",
"American Samoa","ASM","CPIA transparency, accountability, and corruption in the public sector rating (1=low to 6=high)","IQ.CPA.TRAN.XQ","","","","","","","","","","","","","","","","","","","","","","","","","","","","","","","","","","","","","","","","","","","","","","","","","","","","","","","","","","","","",
"Antigua and Barbuda","ATG","CPIA transparency, accountability, and corruption in the public sector rating (1=low to 6=high)","IQ.CPA.TRAN.XQ","","","","","","","","","","","","","","","","","","","","","","","","","","","","","","","","","","","","","","","","","","","","","","","","","","","","","","","","","","","","",
"Australia","AUS","CPIA transparency, accountability, and corruption in the public sector rating (1=low to 6=high)","IQ.CPA.TRAN.XQ","","","","","","","","","","","","","","","","","","","","","","","","","","","","","","","","","","","","","","","","","","","","","","","","","","","","","","","","","","","","",
"Austria","AUT","CPIA transparency, accountability, and corruption in the public sector rating (1=low to 6=high)","IQ.CPA.TRAN.XQ","","","","","","","","","","","","","","","","","","","","","","","","","","","","","","","","","","","","","","","","","","","","","","","","","","","","","","","","","","","","",
"Azerbaijan","AZE","CPIA transparency, accountability, and corruption in the public sector rating (1=low to 6=high)","IQ.CPA.TRAN.XQ","","","","","","","","","","","","","","","","","","","","","","","","","","","","","","","","","","","","","","","","","","","","","","2.5","2.5","2.5","2.5","2.5","2.5","","","","","","","","","",
"Burundi","BDI","CPIA transparency, accountability, and corruption in the public sector rating (1=low to 6=high)","IQ.CPA.TRAN.XQ","","","","","","","","","","","","","","","","","","","","","","","","","","","","","","","","","","","","","","","","","","","","","","3","2.5","2","2","2","2","2","2","2","2.5","2","2","1.5","1.5","",
"Belgium","BEL","CPIA transparency, accountability, and corruption in the public sector rating (1=low to 6=high)","IQ.CPA.TRAN.XQ","","","","","","","","","","","","","","","","","","","","","","","","","","","","","","","","","","","","","","","","","","","","","","","","","","","","","","","","","","","","",
"Benin","BEN","CPIA transparency, accountability, and corruption in the public sector rating (1=low to 6=high)","IQ.CPA.TRAN.XQ","","","","","","","","","","","","","","","","","","","","","","","","","","","","","","","","","","","","","","","","","","","","","","3.5","3.5","3.5","3.5","3.5","3.5","3.5","3.5","3.5","3.5","3.5","3.5","3.5","3.5","",
"Burkina Faso","BFA","CPIA transparency, accountability, and corruption in the public sector rating (1=low to 6=high)","IQ.CPA.TRAN.XQ","","","","","","","","","","","","","","","","","","","","","","","","","","","","","","","","","","","","","","","","","","","","","","3.5","3","3","3","3.5","3.5","3.5","3.5","3.5","3.5","3.5","3.5","3.5","3.5","",
"Bangladesh","BGD","CPIA transparency, accountability, and corruption in the public sector rating (1=low to 6=high)","IQ.CPA.TRAN.XQ","","","","","","","","","","","","","","","","","","","","","","","","","","","","","","","","","","","","","","","","","","","","","","2.5","2.5","3","3","3","3","2.5","2.5","2.5","2.5","2.5","2.5","2.5","2.5","",
"Bulgaria","BGR","CPIA transparency, accountability, and corruption in the public sector rating (1=low to 6=high)","IQ.CPA.TRAN.XQ","","","","","","","","","","","","","","","","","","","","","","","","","","","","","","","","","","","","","","","","","","","","","","","","","","","","","","","","","","","","",
"Bahrain","BHR","CPIA transparency, accountability, and corruption in the public sector rating (1=low to 6=high)","IQ.CPA.TRAN.XQ","","","","","","","","","","","","","","","","","","","","","","","","","","","","","","","","","","","","","","","","","","","","","","","","","","","","","","","","","","","","",
"Bahamas, The","BHS","CPIA transparency, accountability, and corruption in the public sector rating (1=low to 6=high)","IQ.CPA.TRAN.XQ","","","","","","","","","","","","","","","","","","","","","","","","","","","","","","","","","","","","","","","","","","","","","","","","","","","","","","","","","","","","",
"Bosnia and Herzegovina","BIH","CPIA transparency, accountability, and corruption in the public sector rating (1=low to 6=high)","IQ.CPA.TRAN.XQ","","","","","","","","","","","","","","","","","","","","","","","","","","","","","","","","","","","","","","","","","","","","","","3","3","3","3","3","3","3","3","3","","","","","","",
"Belarus","BLR","CPIA transparency, accountability, and corruption in the public sector rating (1=low to 6=high)","IQ.CPA.TRAN.XQ","","","","","","","","","","","","","","","","","","","","","","","","","","","","","","","","","","","","","","","","","","","","","","","","","","","","","","","","","","","","",
"Belize","BLZ","CPIA transparency, accountability, and corruption in the public sector rating (1=low to 6=high)","IQ.CPA.TRAN.XQ","","","","","","","","","","","","","","","","","","","","","","","","","","","","","","","","","","","","","","","","","","","","","","","","","","","","","","","","","","","","",
"Bermuda","BMU","CPIA transparency, accountability, and corruption in the public sector rating (1=low to 6=high)","IQ.CPA.TRAN.XQ","","","","","","","","","","","","","","","","","","","","","","","","","","","","","","","","","","","","","","","","","","","","","","","","","","","","","","","","","","","","",
"Bolivia","BOL","CPIA transparency, accountability, and corruption in the public sector rating (1=low to 6=high)","IQ.CPA.TRAN.XQ","","","","","","","","","","","","","","","","","","","","","","","","","","","","","","","","","","","","","","","","","","","","","","3","3.5","3.5","3.5","3.5","3.5","3.5","3.5","3.5","3.5","3","","","","",
"Brazil","BRA","CPIA transparency, accountability, and corruption in the public sector rating (1=low to 6=high)","IQ.CPA.TRAN.XQ","","","","","","","","","","","","","","","","","","","","","","","","","","","","","","","","","","","","","","","","","","","","","","","","","","","","","","","","","","","","",
"Barbados","BRB","CPIA transparency, accountability, and corruption in the public sector rating (1=low to 6=high)","IQ.CPA.TRAN.XQ","","","","","","","","","","","","","","","","","","","","","","","","","","","","","","","","","","","","","","","","","","","","","","","","","","","","","","","","","","","","",
"Brunei Darussalam","BRN","CPIA transparency, accountability, and corruption in the public sector rating (1=low to 6=high)","IQ.CPA.TRAN.XQ","","","","","","","","","","","","","","","","","","","","","","","","","","","","","","","","","","","","","","","","","","","","","","","","","","","","","","","","","","","","",
"Bhutan","BTN","CPIA transparency, accountability, and corruption in the public sector rating (1=low to 6=high)","IQ.CPA.TRAN.XQ","","","","","","","","","","","","","","","","","","","","","","","","","","","","","","","","","","","","","","","","","","","","","","4","4","4","4","4.5","4.5","4.5","4.5","4.5","4.5","4.5","4.5","4.5","4.5","",
"Botswana","BWA","CPIA transparency, accountability, and corruption in the public sector rating (1=low to 6=high)","IQ.CPA.TRAN.XQ","","","","","","","","","","","","","","","","","","","","","","","","","","","","","","","","","","","","","","","","","","","","","","","","","","","","","","","","","","","","",
"Central African Republic","CAF","CPIA transparency, accountability, and corruption in the public sector rating (1=low to 6=high)","IQ.CPA.TRAN.XQ","","","","","","","","","","","","","","","","","","","","","","","","","","","","","","","","","","","","","","","","","","","","","","2.5","2.5","2.5","2.5","2.5","2.5","2.5","2.5","2.5","2.5","2.5","2.5","2.5","2.5","",
"Canada","CAN","CPIA transparency, accountability, and corruption in the public sector rating (1=low to 6=high)","IQ.CPA.TRAN.XQ","","","","","","","","","","","","","","","","","","","","","","","","","","","","","","","","","","","","","","","","","","","","","","","","","","","","","","","","","","","","",
"Central Europe and the Baltics","CEB","CPIA transparency, accountability, and corruption in the public sector rating (1=low to 6=high)","IQ.CPA.TRAN.XQ","","","","","","","","","","","","","","","","","","","","","","","","","","","","","","","","","","","","","","","","","","","","","","","","","","","","","","","","","","","","",
"Switzerland","CHE","CPIA transparency, accountability, and corruption in the public sector rating (1=low to 6=high)","IQ.CPA.TRAN.XQ","","","","","","","","","","","","","","","","","","","","","","","","","","","","","","","","","","","","","","","","","","","","","","","","","","","","","","","","","","","","",
"Channel Islands","CHI","CPIA transparency, accountability, and corruption in the public sector rating (1=low to 6=high)","IQ.CPA.TRAN.XQ","","","","","","","","","","","","","","","","","","","","","","","","","","","","","","","","","","","","","","","","","","","","","","","","","","","","","","","","","","","","",
"Chile","CHL","CPIA transparency, accountability, and corruption in the public sector rating (1=low to 6=high)","IQ.CPA.TRAN.XQ","","","","","","","","","","","","","","","","","","","","","","","","","","","","","","","","","","","","","","","","","","","","","","","","","","","","","","","","","","","","",
"China","CHN","CPIA transparency, accountability, and corruption in the public sector rating (1=low to 6=high)","IQ.CPA.TRAN.XQ","","","","","","","","","","","","","","","","","","","","","","","","","","","","","","","","","","","","","","","","","","","","","","","","","","","","","","","","","","","","",
"Cote d'Ivoire","CIV","CPIA transparency, accountability, and corruption in the public sector rating (1=low to 6=high)","IQ.CPA.TRAN.XQ","","","","","","","","","","","","","","","","","","","","","","","","","","","","","","","","","","","","","","","","","","","","","","2","2","2","2.5","2.5","2","2.5","2.5","3","3","3","3","3","3","",
"Cameroon","CMR","CPIA transparency, accountability, and corruption in the public sector rating (1=low to 6=high)","IQ.CPA.TRAN.XQ","","","","","","","","","","","","","","","","","","","","","","","","","","","","","","","","","","","","","","","","","","","","","","2.5","2.5","2.5","2.5","2.5","2.5","2.5","2.5","2.5","2.5","2.5","2.5","2.5","2.5","",
"Congo, Dem. Rep.","COD","CPIA transparency, accountability, and corruption in the public sector rating (1=low to 6=high)","IQ.CPA.TRAN.XQ","","","","","","","","","","","","","","","","","","","","","","","","","","","","","","","","","","","","","","","","","","","","","","2","2","2","2","2","2","2","2","2","2","2","2","2","2","",
"Congo, Rep.","COG","CPIA transparency, accountability, and corruption in the public sector rating (1=low to 6=high)","IQ.CPA.TRAN.XQ","","","","","","","","","","","","","","","","","","","","","","","","","","","","","","","","","","","","","","","","","","","","","","2.5","2.5","2.5","2.5","2.5","2.5","2.5","2","2","2","2","2","2","2","",
"Colombia","COL","CPIA transparency, accountability, and corruption in the public sector rating (1=low to 6=high)","IQ.CPA.TRAN.XQ","","","","","","","","","","","","","","","","","","","","","","","","","","","","","","","","","","","","","","","","","","","","","","","","","","","","","","","","","","","","",
"Comoros","COM","CPIA transparency, accountability, and corruption in the public sector rating (1=low to 6=high)","IQ.CPA.TRAN.XQ","","","","","","","","","","","","","","","","","","","","","","","","","","","","","","","","","","","","","","","","","","","","","","2.5","2.5","2.5","2.5","2.5","2.5","2.5","2.5","2.5","2.5","2.5","2.5","2.5","2.5","",
"Cabo Verde","CPV","CPIA transparency, accountability, and corruption in the public sector rating (1=low to 6=high)","IQ.CPA.TRAN.XQ","","","","","","","","","","","","","","","","","","","","","","","","","","","","","","","","","","","","","","","","","","","","","","4.5","4.5","4.5","4.5","4.5","4.5","4.5","4.5","4.5","4.5","4.5","4","4","4.5","",
"Costa Rica","CRI","CPIA transparency, accountability, and corruption in the public sector rating (1=low to 6=high)","IQ.CPA.TRAN.XQ","","","","","","","","","","","","","","","","","","","","","","","","","","","","","","","","","","","","","","","","","","","","","","","","","","","","","","","","","","","","",
"Caribbean small states","CSS","CPIA transparency, accountability, and corruption in the public sector rating (1=low to 6=high)","IQ.CPA.TRAN.XQ","","","","","","","","","","","","","","","","","","","","","","","","","","","","","","","","","","","","","","","","","","","","","","3.9","3.9","3.9","3.9","3.9","3.8","3.8","3.8","3.9","3.9","3.9","3.9","3.9","3.9","",
"Cuba","CUB","CPIA transparency, accountability, and corruption in the public sector rating (1=low to 6=high)","IQ.CPA.TRAN.XQ","","","","","","","","","","","","","","","","","","","","","","","","","","","","","","","","","","","","","","","","","","","","","","","","","","","","","","","","","","","","",
"Curacao","CUW","CPIA transparency, accountability, and corruption in the public sector rating (1=low to 6=high)","IQ.CPA.TRAN.XQ","","","","","","","","","","","","","","","","","","","","","","","","","","","","","","","","","","","","","","","","","","","","","","","","","","","","","","","","","","","","",
"Cayman Islands","CYM","CPIA transparency, accountability, and corruption in the public sector rating (1=low to 6=high)","IQ.CPA.TRAN.XQ","","","","","","","","","","","","","","","","","","","","","","","","","","","","","","","","","","","","","","","","","","","","","","","","","","","","","","","","","","","","",
"Cyprus","CYP","CPIA transparency, accountability, and corruption in the public sector rating (1=low to 6=high)","IQ.CPA.TRAN.XQ","","","","","","","","","","","","","","","","","","","","","","","","","","","","","","","","","","","","","","","","","","","","","","","","","","","","","","","","","","","","",
"Czech Republic","CZE","CPIA transparency, accountability, and corruption in the public sector rating (1=low to 6=high)","IQ.CPA.TRAN.XQ","","","","","","","","","","","","","","","","","","","","","","","","","","","","","","","","","","","","","","","","","","","","","","","","","","","","","","","","","","","","",
"Germany","DEU","CPIA transparency, accountability, and corruption in the public sector rating (1=low to 6=high)","IQ.CPA.TRAN.XQ","","","","","","","","","","","","","","","","","","","","","","","","","","","","","","","","","","","","","","","","","","","","","","","","","","","","","","","","","","","","",
"Djibouti","DJI","CPIA transparency, accountability, and corruption in the public sector rating (1=low to 6=high)","IQ.CPA.TRAN.XQ","","","","","","","","","","","","","","","","","","","","","","","","","","","","","","","","","","","","","","","","","","","","","","2.5","2.5","2.5","2.5","2.5","2.5","2.5","2.5","2.5","2.5","2.5","2.5","2.5","2.5","",
"Dominica","DMA","CPIA transparency, accountability, and corruption in the public sector rating (1=low to 6=high)","IQ.CPA.TRAN.XQ","","","","","","","","","","","","","","","","","","","","","","","","","","","","","","","","","","","","","","","","","","","","","","4","4","4","4","4","4","4","4","4","4","4","4","4","4","",
"Denmark","DNK","CPIA transparency, accountability, and corruption in the public sector rating (1=low to 6=high)","IQ.CPA.TRAN.XQ","","","","","","","","","","","","","","","","","","","","","","","","","","","","","","","","","","","","","","","","","","","","","","","","","","","","","","","","","","","","",
"Dominican Republic","DOM","CPIA transparency, accountability, and corruption in the public sector rating (1=low to 6=high)","IQ.CPA.TRAN.XQ","","","","","","","","","","","","","","","","","","","","","","","","","","","","","","","","","","","","","","","","","","","","","","","","","","","","","","","","","","","","",
"Algeria","DZA","CPIA transparency, accountability, and corruption in the public sector rating (1=low to 6=high)","IQ.CPA.TRAN.XQ","","","","","","","","","","","","","","","","","","","","","","","","","","","","","","","","","","","","","","","","","","","","","","","","","","","","","","","","","","","","",
"East Asia & Pacific (excluding high income)","EAP","CPIA transparency, accountability, and corruption in the public sector rating (1=low to 6=high)","IQ.CPA.TRAN.XQ","","","","","","","","","","","","","","","","","","","","","","","","","","","","","","","","","","","","","","","","","","","","","","2.86363636363636","2.875","2.95454545454545","3","2.95454545454545","3","3.07692307692308","3.14285714285714","3.1","3.13333333333333","3.13333333333333","3.14285714285714","3.10714285714286","3.03571428571429","",
"Early-demographic dividend","EAR","CPIA transparency, accountability, and corruption in the public sector rating (1=low to 6=high)","IQ.CPA.TRAN.XQ","","","","","","","","","","","","","","","","","","","","","","","","","","","","","","","","","","","","","","","","","","","","","","2.9","2.9","2.94827586206897","2.96551724137931","3.01724137931034","2.98275862068966","3.05","3.06666666666667","3.06451612903226","3.01666666666667","3.01666666666667","2.96551724137931","2.94827586206897","2.96551724137931","",
"East Asia & Pacific","EAS","CPIA transparency, accountability, and corruption in the public sector rating (1=low to 6=high)","IQ.CPA.TRAN.XQ","","","","","","","","","","","","","","","","","","","","","","","","","","","","","","","","","","","","","","","","","","","","","","2.86363636363636","2.875","2.95454545454545","3","2.95454545454545","3","3.07692307692308","3.14285714285714","3.1","3.13333333333333","3.13333333333333","3.14285714285714","3.10714285714286","3.03571428571429","",
"Europe & Central Asia (excluding high income)","ECA","CPIA transparency, accountability, and corruption in the public sector rating (1=low to 6=high)","IQ.CPA.TRAN.XQ","","","","","","","","","","","","","","","","","","","","","","","","","","","","","","","","","","","","","","","","","","","","","","2.65","2.65","2.625","2.5625","2.61111111111111","2.66666666666667","2.875","3","3","2.7","2.6","2.6","2.6","2.6","",
"Europe & Central Asia","ECS","CPIA transparency, accountability, and corruption in the public sector rating (1=low to 6=high)","IQ.CPA.TRAN.XQ","","","","","","","","","","","","","","","","","","","","","","","","","","","","","","","","","","","","","","","","","","","","","","2.65","2.65","2.625","2.5625","2.61111111111111","2.66666666666667","2.875","3","3","2.7","2.6","2.6","2.6","2.6","",
"Ecuador","ECU","CPIA transparency, accountability, and corruption in the public sector rating (1=low to 6=high)","IQ.CPA.TRAN.XQ","","","","","","","","","","","","","","","","","","","","","","","","","","","","","","","","","","","","","","","","","","","","","","","","","","","","","","","","","","","","",
"Egypt, Arab Rep.","EGY","CPIA transparency, accountability, and corruption in the public sector rating (1=low to 6=high)","IQ.CPA.TRAN.XQ","","","","","","","","","","","","","","","","","","","","","","","","","","","","","","","","","","","","","","","","","","","","","","","","","","","","","","","","","","","","",
"Euro area","EMU","CPIA transparency, accountability, and corruption in the public sector rating (1=low to 6=high)","IQ.CPA.TRAN.XQ","","","","","","","","","","","","","","","","","","","","","","","","","","","","","","","","","","","","","","","","","","","","","","","","","","","","","","","","","","","","",
"Eritrea","ERI","CPIA transparency, accountability, and corruption in the public sector rating (1=low to 6=high)","IQ.CPA.TRAN.XQ","","","","","","","","","","","","","","","","","","","","","","","","","","","","","","","","","","","","","","","","","","","","","","2.5","2.5","2","2","2","2","2","2","2","2","2","2","2","2.5","",
"Spain","ESP","CPIA transparency, accountability, and corruption in the public sector rating (1=low to 6=high)","IQ.CPA.TRAN.XQ","","","","","","","","","","","","","","","","","","","","","","","","","","","","","","","","","","","","","","","","","","","","","","","","","","","","","","","","","","","","",
"Estonia","EST","CPIA transparency, accountability, and corruption in the public sector rating (1=low to 6=high)","IQ.CPA.TRAN.XQ","","","","","","","","","","","","","","","","","","","","","","","","","","","","","","","","","","","","","","","","","","","","","","","","","","","","","","","","","","","","",
"Ethiopia","ETH","CPIA transparency, accountability, and corruption in the public sector rating (1=low to 6=high)","IQ.CPA.TRAN.XQ","","","","","","","","","","","","","","","","","","","","","","","","","","","","","","","","","","","","","","","","","","","","","","2.5","2.5","2.5","2.5","2.5","2.5","3","3","3","3","3","3","3","3","",
"European Union","EUU","CPIA transparency, accountability, and corruption in the public sector rating (1=low to 6=high)","IQ.CPA.TRAN.XQ","","","","","","","","","","","","","","","","","","","","","","","","","","","","","","","","","","","","","","","","","","","","","","","","","","","","","","","","","","","","",
"Fragile and conflict affected situations","FCS","CPIA transparency, accountability, and corruption in the public sector rating (1=low to 6=high)","IQ.CPA.TRAN.XQ","","","","","","","","","","","","","","","","","","","","","","","","","","","","","","","","","","","","","","","","","","","","","","2.5","2.47826086956522","2.41304347826087","2.41304347826087","2.48","2.46","2.55555555555556","2.48275862068966","2.5","2.56666666666667","2.51666666666667","2.51666666666667","2.45161290322581","2.51666666666667","",
"Finland","FIN","CPIA transparency, accountability, and corruption in the public sector rating (1=low to 6=high)","IQ.CPA.TRAN.XQ","","","","","","","","","","","","","","","","","","","","","","","","","","","","","","","","","","","","","","","","","","","","","","","","","","","","","","","","","","","","",
"Fiji","FJI","CPIA transparency, accountability, and corruption in the public sector rating (1=low to 6=high)","IQ.CPA.TRAN.XQ","","","","","","","","","","","","","","","","","","","","","","","","","","","","","","","","","","","","","","","","","","","","","","","","","","","","","","","","","","","","",
"France","FRA","CPIA transparency, accountability, and corruption in the public sector rating (1=low to 6=high)","IQ.CPA.TRAN.XQ","","","","","","","","","","","","","","","","","","","","","","","","","","","","","","","","","","","","","","","","","","","","","","","","","","","","","","","","","","","","",
"Faroe Islands","FRO","CPIA transparency, accountability, and corruption in the public sector rating (1=low to 6=high)","IQ.CPA.TRAN.XQ","","","","","","","","","","","","","","","","","","","","","","","","","","","","","","","","","","","","","","","","","","","","","","","","","","","","","","","","","","","","",
"Micronesia, Fed. Sts.","FSM","CPIA transparency, accountability, and corruption in the public sector rating (1=low to 6=high)","IQ.CPA.TRAN.XQ","","","","","","","","","","","","","","","","","","","","","","","","","","","","","","","","","","","","","","","","","","","","","","","","","","","","3","3.5","3.5","3.5","3.5","3.5","3.5","3.5","",
"Gabon","GAB","CPIA transparency, accountability, and corruption in the public sector rating (1=low to 6=high)","IQ.CPA.TRAN.XQ","","","","","","","","","","","","","","","","","","","","","","","","","","","","","","","","","","","","","","","","","","","","","","","","","","","","","","","","","","","","",
"United Kingdom","GBR","CPIA transparency, accountability, and corruption in the public sector rating (1=low to 6=high)","IQ.CPA.TRAN.XQ","","","","","","","","","","","","","","","","","","","","","","","","","","","","","","","","","","","","","","","","","","","","","","","","","","","","","","","","","","","","",
"Georgia","GEO","CPIA transparency, accountability, and corruption in the public sector rating (1=low to 6=high)","IQ.CPA.TRAN.XQ","","","","","","","","","","","","","","","","","","","","","","","","","","","","","","","","","","","","","","","","","","","","","","3.5","3.5","3","3","3","3.5","3.5","3.5","3.5","","","","","","",
"Ghana","GHA","CPIA transparency, accountability, and corruption in the public sector rating (1=low to 6=high)","IQ.CPA.TRAN.XQ","","","","","","","","","","","","","","","","","","","","","","","","","","","","","","","","","","","","","","","","","","","","","","3.5","4","4","4","4","4","4","4","4","3.5","3.5","3","3.5","3.5","",
"Gibraltar","GIB","CPIA transparency, accountability, and corruption in the public sector rating (1=low to 6=high)","IQ.CPA.TRAN.XQ","","","","","","","","","","","","","","","","","","","","","","","","","","","","","","","","","","","","","","","","","","","","","","","","","","","","","","","","","","","","",
"Guinea","GIN","CPIA transparency, accountability, and corruption in the public sector rating (1=low to 6=high)","IQ.CPA.TRAN.XQ","","","","","","","","","","","","","","","","","","","","","","","","","","","","","","","","","","","","","","","","","","","","","","2.5","2.5","2.5","2","2","2","2","2","2.5","2.5","2.5","2.5","2.5","2.5","",
"Gambia, The","GMB","CPIA transparency, accountability, and corruption in the public sector rating (1=low to 6=high)","IQ.CPA.TRAN.XQ","","","","","","","","","","","","","","","","","","","","","","","","","","","","","","","","","","","","","","","","","","","","","","2","2","2","2","2","2","2.5","2","2","2","2","2","2","2.5","",
"Guinea-Bissau","GNB","CPIA transparency, accountability, and corruption in the public sector rating (1=low to 6=high)","IQ.CPA.TRAN.XQ","","","","","","","","","","","","","","","","","","","","","","","","","","","","","","","","","","","","","","","","","","","","","","2.5","2.5","2.5","2.5","2.5","2.5","2.5","2","2","2","2","2","1.5","1.5","",
"Equatorial Guinea","GNQ","CPIA transparency, accountability, and corruption in the public sector rating (1=low to 6=high)","IQ.CPA.TRAN.XQ","","","","","","","","","","","","","","","","","","","","","","","","","","","","","","","","","","","","","","","","","","","","","","","","","","","","","","","","","","","","",
"Greece","GRC","CPIA transparency, accountability, and corruption in the public sector rating (1=low to 6=high)","IQ.CPA.TRAN.XQ","","","","","","","","","","","","","","","","","","","","","","","","","","","","","","","","","","","","","","","","","","","","","","","","","","","","","","","","","","","","",
"Grenada","GRD","CPIA transparency, accountability, and corruption in the public sector rating (1=low to 6=high)","IQ.CPA.TRAN.XQ","","","","","","","","","","","","","","","","","","","","","","","","","","","","","","","","","","","","","","","","","","","","","","4","4","4","4","4","4","4","4","4","4","4","4","4","4","",
"Greenland","GRL","CPIA transparency, accountability, and corruption in the public sector rating (1=low to 6=high)","IQ.CPA.TRAN.XQ","","","","","","","","","","","","","","","","","","","","","","","","","","","","","","","","","","","","","","","","","","","","","","","","","","","","","","","","","","","","",
"Guatemala","GTM","CPIA transparency, accountability, and corruption in the public sector rating (1=low to 6=high)","IQ.CPA.TRAN.XQ","","","","","","","","","","","","","","","","","","","","","","","","","","","","","","","","","","","","","","","","","","","","","","","","","","","","","","","","","","","","",
"Guam","GUM","CPIA transparency, accountability, and corruption in the public sector rating (1=low to 6=high)","IQ.CPA.TRAN.XQ","","","","","","","","","","","","","","","","","","","","","","","","","","","","","","","","","","","","","","","","","","","","","","","","","","","","","","","","","","","","",
"Guyana","GUY","CPIA transparency, accountability, and corruption in the public sector rating (1=low to 6=high)","IQ.CPA.TRAN.XQ","","","","","","","","","","","","","","","","","","","","","","","","","","","","","","","","","","","","","","","","","","","","","","3","3","3","3","3","2.5","2.5","2.5","3","3","3","3","3","3","",
"High income","HIC","CPIA transparency, accountability, and corruption in the public sector rating (1=low to 6=high)","IQ.CPA.TRAN.XQ","","","","","","","","","","","","","","","","","","","","","","","","","","","","","","","","","","","","","","","","","","","","","","","","","","","","","","","","","","","","",
"Hong Kong SAR, China","HKG","CPIA transparency, accountability, and corruption in the public sector rating (1=low to 6=high)","IQ.CPA.TRAN.XQ","","","","","","","","","","","","","","","","","","","","","","","","","","","","","","","","","","","","","","","","","","","","","","","","","","","","","","","","","","","","",
"Honduras","HND","CPIA transparency, accountability, and corruption in the public sector rating (1=low to 6=high)","IQ.CPA.TRAN.XQ","","","","","","","","","","","","","","","","","","","","","","","","","","","","","","","","","","","","","","","","","","","","","","3","3","3","3","3","3","3","3","3","3","3","3","3","3","",
"Heavily indebted poor countries (HIPC)","HPC","CPIA transparency, accountability, and corruption in the public sector rating (1=low to 6=high)","IQ.CPA.TRAN.XQ","","","","","","","","","","","","","","","","","","","","","","","","","","","","","","","","","","","","","","","","","","","","","","2.77777777777778","2.75675675675676","2.74324324324324","2.71621621621622","2.69736842105263","2.65789473684211","2.72368421052632","2.67105263157895","2.69736842105263","2.73684210526316","2.69736842105263","2.66216216216216","2.63157894736842","2.66216216216216","",
"Croatia","HRV","CPIA transparency, accountability, and corruption in the public sector rating (1=low to 6=high)","IQ.CPA.TRAN.XQ","","","","","","","","","","","","","","","","","","","","","","","","","","","","","","","","","","","","","","","","","","","","","","","","","","","","","","","","","","","","",
"Haiti","HTI","CPIA transparency, accountability, and corruption in the public sector rating (1=low to 6=high)","IQ.CPA.TRAN.XQ","","","","","","","","","","","","","","","","","","","","","","","","","","","","","","","","","","","","","","","","","","","","","","2","2","2","2","2.5","2.5","2.5","2.5","2.5","2.5","2.5","2.5","2.5","2.5","",
"Hungary","HUN","CPIA transparency, accountability, and corruption in the public sector rating (1=low to 6=high)","IQ.CPA.TRAN.XQ","","","","","","","","","","","","","","","","","","","","","","","","","","","","","","","","","","","","","","","","","","","","","","","","","","","","","","","","","","","","",
"IBRD only","IBD","CPIA transparency, accountability, and corruption in the public sector rating (1=low to 6=high)","IQ.CPA.TRAN.XQ","","","","","","","","","","","","","","","","","","","","","","","","","","","","","","","","","","","","","","","","","","","","","","3","3.04166666666667","3.05555555555556","3","3","3.05555555555556","3.125","3.1875","3.1875","3.16666666666667","3","","","","",
"IDA & IBRD total","IBT","CPIA transparency, accountability, and corruption in the public sector rating (1=low to 6=high)","IQ.CPA.TRAN.XQ","","","","","","","","","","","","","","","","","","","","","","","","","","","","","","","","","","","","","","","","","","","","","","2.88815789473684","2.87179487179487","2.88","2.86666666666667","2.87012987012987","2.85064935064935","2.92307692307692","2.90625","2.91358024691358","2.90789473684211","2.88157894736842","2.85616438356164","2.82432432432432","2.84246575342466","",
"IDA total","IDA","CPIA transparency, accountability, and corruption in the public sector rating (1=low to 6=high)","IQ.CPA.TRAN.XQ","","","","","","","","","","","","","","","","","","","","","","","","","","","","","","","","","","","","","","","","","","","","","","2.8671875","2.84090909090909","2.85606060606061","2.84848484848485","2.85294117647059","2.82352941176471","2.9","2.875","2.88356164383562","2.8972602739726","2.87671232876712","2.85616438356164","2.82432432432432","2.84246575342466","",
"IDA blend","IDB","CPIA transparency, accountability, and corruption in the public sector rating (1=low to 6=high)","IQ.CPA.TRAN.XQ","","","","","","","","","","","","","","","","","","","","","","","","","","","","","","","","","","","","","","","","","","","","","","3.06666666666667","3.03125","3.0625","3.0625","3.09375","3.09375","3.15625","3.125","3.125","3.09375","3.125","3.09375","3.09375","3.15625","",
"Indonesia","IDN","CPIA transparency, accountability, and corruption in the public sector rating (1=low to 6=high)","IQ.CPA.TRAN.XQ","","","","","","","","","","","","","","","","","","","","","","","","","","","","","","","","","","","","","","","","","","","","","","3","3","","","","","","","","","","","","","",
"IDA only","IDX","CPIA transparency, accountability, and corruption in the public sector rating (1=low to 6=high)","IQ.CPA.TRAN.XQ","","","","","","","","","","","","","","","","","","","","","","","","","","","","","","","","","","","","","","","","","","","","","","2.80612244897959","2.78","2.79","2.78","2.77884615384615","2.74038461538462","2.82407407407407","2.80357142857143","2.81578947368421","2.84210526315789","2.80701754385965","2.78947368421053","2.75","2.75438596491228","",
"Isle of Man","IMN","CPIA transparency, accountability, and corruption in the public sector rating (1=low to 6=high)","IQ.CPA.TRAN.XQ","","","","","","","","","","","","","","","","","","","","","","","","","","","","","","","","","","","","","","","","","","","","","","","","","","","","","","","","","","","","",
"India","IND","CPIA transparency, accountability, and corruption in the public sector rating (1=low to 6=high)","IQ.CPA.TRAN.XQ","","","","","","","","","","","","","","","","","","","","","","","","","","","","","","","","","","","","","","","","","","","","","","3.5","3.5","3.5","3.5","3.5","3.5","3.5","3.5","3.5","","","","","","",
"Not classified","INX","CPIA transparency, accountability, and corruption in the public sector rating (1=low to 6=high)","IQ.CPA.TRAN.XQ","","","","","","","","","","","","","","","","","","","","","","","","","","","","","","","","","","","","","","","","","","","","","","","","","","","","","","","","","","","","",
"Ireland","IRL","CPIA transparency, accountability, and corruption in the public sector rating (1=low to 6=high)","IQ.CPA.TRAN.XQ","","","","","","","","","","","","","","","","","","","","","","","","","","","","","","","","","","","","","","","","","","","","","","","","","","","","","","","","","","","","",
"Iran, Islamic Rep.","IRN","CPIA transparency, accountability, and corruption in the public sector rating (1=low to 6=high)","IQ.CPA.TRAN.XQ","","","","","","","","","","","","","","","","","","","","","","","","","","","","","","","","","","","","","","","","","","","","","","","","","","","","","","","","","","","","",
"Iraq","IRQ","CPIA transparency, accountability, and corruption in the public sector rating (1=low to 6=high)","IQ.CPA.TRAN.XQ","","","","","","","","","","","","","","","","","","","","","","","","","","","","","","","","","","","","","","","","","","","","","","","","","","","","","","","","","","","","",
"Iceland","ISL","CPIA transparency, accountability, and corruption in the public sector rating (1=low to 6=high)","IQ.CPA.TRAN.XQ","","","","","","","","","","","","","","","","","","","","","","","","","","","","","","","","","","","","","","","","","","","","","","","","","","","","","","","","","","","","",
"Israel","ISR","CPIA transparency, accountability, and corruption in the public sector rating (1=low to 6=high)","IQ.CPA.TRAN.XQ","","","","","","","","","","","","","","","","","","","","","","","","","","","","","","","","","","","","","","","","","","","","","","","","","","","","","","","","","","","","",
"Italy","ITA","CPIA transparency, accountability, and corruption in the public sector rating (1=low to 6=high)","IQ.CPA.TRAN.XQ","","","","","","","","","","","","","","","","","","","","","","","","","","","","","","","","","","","","","","","","","","","","","","","","","","","","","","","","","","","","",
"Jamaica","JAM","CPIA transparency, accountability, and corruption in the public sector rating (1=low to 6=high)","IQ.CPA.TRAN.XQ","","","","","","","","","","","","","","","","","","","","","","","","","","","","","","","","","","","","","","","","","","","","","","","","","","","","","","","","","","","","",
"Jordan","JOR","CPIA transparency, accountability, and corruption in the public sector rating (1=low to 6=high)","IQ.CPA.TRAN.XQ","","","","","","","","","","","","","","","","","","","","","","","","","","","","","","","","","","","","","","","","","","","","","","","","","","","","","","","","","","","","",
"Japan","JPN","CPIA transparency, accountability, and corruption in the public sector rating (1=low to 6=high)","IQ.CPA.TRAN.XQ","","","","","","","","","","","","","","","","","","","","","","","","","","","","","","","","","","","","","","","","","","","","","","","","","","","","","","","","","","","","",
"Kazakhstan","KAZ","CPIA transparency, accountability, and corruption in the public sector rating (1=low to 6=high)","IQ.CPA.TRAN.XQ","","","","","","","","","","","","","","","","","","","","","","","","","","","","","","","","","","","","","","","","","","","","","","","","","","","","","","","","","","","","",
"Kenya","KEN","CPIA transparency, accountability, and corruption in the public sector rating (1=low to 6=high)","IQ.CPA.TRAN.XQ","","","","","","","","","","","","","","","","","","","","","","","","","","","","","","","","","","","","","","","","","","","","","","3","3","3","3","3","3","3","3","3","3","3","3","3","3","",
"Kyrgyz Republic","KGZ","CPIA transparency, accountability, and corruption in the public sector rating (1=low to 6=high)","IQ.CPA.TRAN.XQ","","","","","","","","","","","","","","","","","","","","","","","","","","","","","","","","","","","","","","","","","","","","","","2.5","2.5","2.5","2.5","2.5","2.5","2.5","3","3","3","3","3","3","3","",
"Cambodia","KHM","CPIA transparency, accountability, and corruption in the public sector rating (1=low to 6=high)","IQ.CPA.TRAN.XQ","","","","","","","","","","","","","","","","","","","","","","","","","","","","","","","","","","","","","","","","","","","","","","2.5","2.5","2.5","2.5","2","2","2","2","2","2","2","2","2","1.5","",
"Kiribati","KIR","CPIA transparency, accountability, and corruption in the public sector rating (1=low to 6=high)","IQ.CPA.TRAN.XQ","","","","","","","","","","","","","","","","","","","","","","","","","","","","","","","","","","","","","","","","","","","","","","3.5","3.5","3.5","3","3","3","3.5","3.5","3.5","3.5","3.5","3.5","3.5","3.5","",
"St. Kitts and Nevis","KNA","CPIA transparency, accountability, and corruption in the public sector rating (1=low to 6=high)","IQ.CPA.TRAN.XQ","","","","","","","","","","","","","","","","","","","","","","","","","","","","","","","","","","","","","","","","","","","","","","","","","","","","","","","","","","","","",
"Korea, Rep.","KOR","CPIA transparency, accountability, and corruption in the public sector rating (1=low to 6=high)","IQ.CPA.TRAN.XQ","","","","","","","","","","","","","","","","","","","","","","","","","","","","","","","","","","","","","","","","","","","","","","","","","","","","","","","","","","","","",
"Kuwait","KWT","CPIA transparency, accountability, and corruption in the public sector rating (1=low to 6=high)","IQ.CPA.TRAN.XQ","","","","","","","","","","","","","","","","","","","","","","","","","","","","","","","","","","","","","","","","","","","","","","","","","","","","","","","","","","","","",
"Latin America & Caribbean (excluding high income)","LAC","CPIA transparency, accountability, and corruption in the public sector rating (1=low to 6=high)","IQ.CPA.TRAN.XQ","","","","","","","","","","","","","","","","","","","","","","","","","","","","","","","","","","","","","","","","","","","","","","3.44444444444444","3.44444444444444","3.44444444444444","3.44444444444444","3.5","3.38888888888889","3.38888888888889","3.38888888888889","3.5","3.5","3.44444444444444","3.4375","3.4375","3.4375","",
"Lao PDR","LAO","CPIA transparency, accountability, and corruption in the public sector rating (1=low to 6=high)","IQ.CPA.TRAN.XQ","","","","","","","","","","","","","","","","","","","","","","","","","","","","","","","","","","","","","","","","","","","","","","2","2","2","2","2","2.5","2.5","2.5","2.5","2.5","2.5","2.5","2.5","2.5","",
"Lebanon","LBN","CPIA transparency, accountability, and corruption in the public sector rating (1=low to 6=high)","IQ.CPA.TRAN.XQ","","","","","","","","","","","","","","","","","","","","","","","","","","","","","","","","","","","","","","","","","","","","","","","","","","","","","","","","","","","","",
"Liberia","LBR","CPIA transparency, accountability, and corruption in the public sector rating (1=low to 6=high)","IQ.CPA.TRAN.XQ","","","","","","","","","","","","","","","","","","","","","","","","","","","","","","","","","","","","","","","","","","","","","","","","","","3","3","3","3","3","3","3","3","3","2.5","",
"Libya","LBY","CPIA transparency, accountability, and corruption in the public sector rating (1=low to 6=high)","IQ.CPA.TRAN.XQ","","","","","","","","","","","","","","","","","","","","","","","","","","","","","","","","","","","","","","","","","","","","","","","","","","","","","","","","","","","","",
"St. Lucia","LCA","CPIA transparency, accountability, and corruption in the public sector rating (1=low to 6=high)","IQ.CPA.TRAN.XQ","","","","","","","","","","","","","","","","","","","","","","","","","","","","","","","","","","","","","","","","","","","","","","4.5","4.5","4.5","4.5","4.5","4.5","4.5","4.5","4.5","4.5","4.5","4.5","4.5","4.5","",
"Latin America & Caribbean","LCN","CPIA transparency, accountability, and corruption in the public sector rating (1=low to 6=high)","IQ.CPA.TRAN.XQ","","","","","","","","","","","","","","","","","","","","","","","","","","","","","","","","","","","","","","","","","","","","","","3.44444444444444","3.44444444444444","3.44444444444444","3.44444444444444","3.5","3.38888888888889","3.38888888888889","3.38888888888889","3.5","3.5","3.44444444444444","3.4375","3.4375","3.4375","",
"Least developed countries: UN classification","LDC","CPIA transparency, accountability, and corruption in the public sector rating (1=low to 6=high)","IQ.CPA.TRAN.XQ","","","","","","","","","","","","","","","","","","","","","","","","","","","","","","","","","","","","","","","","","","","","","","2.7875","2.77380952380952","2.77380952380952","2.72619047619048","2.7093023255814","2.69767441860465","2.74418604651163","2.7","2.68478260869565","2.73333333333333","2.68888888888889","2.68888888888889","2.64130434782609","2.65555555555556","",
"Low income","LIC","CPIA transparency, accountability, and corruption in the public sector rating (1=low to 6=high)","IQ.CPA.TRAN.XQ","","","","","","","","","","","","","","","","","","","","","","","","","","","","","","","","","","","","","","","","","","","","","","2.72","2.69230769230769","2.65384615384615","2.61538461538462","2.61111111111111","2.59259259259259","2.68518518518519","2.57142857142857","2.55357142857143","2.60714285714286","2.53571428571429","2.53571428571429","2.48275862068966","2.51785714285714","",
"Liechtenstein","LIE","CPIA transparency, accountability, and corruption in the public sector rating (1=low to 6=high)","IQ.CPA.TRAN.XQ","","","","","","","","","","","","","","","","","","","","","","","","","","","","","","","","","","","","","","","","","","","","","","","","","","","","","","","","","","","","",
"Sri Lanka","LKA","CPIA transparency, accountability, and corruption in the public sector rating (1=low to 6=high)","IQ.CPA.TRAN.XQ","","","","","","","","","","","","","","","","","","","","","","","","","","","","","","","","","","","","","","","","","","","","","","3.5","3.5","3","3","3","3","3","3","3","3","3","","","","",
"Lower middle income","LMC","CPIA transparency, accountability, and corruption in the public sector rating (1=low to 6=high)","IQ.CPA.TRAN.XQ","","","","","","","","","","","","","","","","","","","","","","","","","","","","","","","","","","","","","","","","","","","","","","2.83333333333333","2.83783783783784","2.875","2.86111111111111","2.86111111111111","2.83333333333333","2.89189189189189","2.93243243243243","2.94736842105263","2.91666666666667","2.91666666666667","2.86764705882353","2.86764705882353","2.86764705882353","",
"Low & middle income","LMY","CPIA transparency, accountability, and corruption in the public sector rating (1=low to 6=high)","IQ.CPA.TRAN.XQ","","","","","","","","","","","","","","","","","","","","","","","","","","","","","","","","","","","","","","","","","","","","","","2.88815789473684","2.87179487179487","2.88","2.86666666666667","2.87012987012987","2.85064935064935","2.92307692307692","2.90625","2.91358024691358","2.90789473684211","2.88157894736842","2.85616438356164","2.82432432432432","2.84246575342466","",
"Lesotho","LSO","CPIA transparency, accountability, and corruption in the public sector rating (1=low to 6=high)","IQ.CPA.TRAN.XQ","","","","","","","","","","","","","","","","","","","","","","","","","","","","","","","","","","","","","","","","","","","","","","3.5","3.5","3.5","3.5","3.5","3.5","3.5","3.5","3.5","3","3","3","3","3","",
"Late-demographic dividend","LTE","CPIA transparency, accountability, and corruption in the public sector rating (1=low to 6=high)","IQ.CPA.TRAN.XQ","","","","","","","","","","","","","","","","","","","","","","","","","","","","","","","","","","","","","","","","","","","","","","3.11538461538462","3.11538461538462","3.18181818181818","3.13636363636364","3.13636363636364","3.13636363636364","3.3","3.4","3.45","3.375","3.3125","3.41666666666667","3.41666666666667","3.33333333333333","",
"Lithuania","LTU","CPIA transparency, accountability, and corruption in the public sector rating (1=low to 6=high)","IQ.CPA.TRAN.XQ","","","","","","","","","","","","","","","","","","","","","","","","","","","","","","","","","","","","","","","","","","","","","","","","","","","","","","","","","","","","",
"Luxembourg","LUX","CPIA transparency, accountability, and corruption in the public sector rating (1=low to 6=high)","IQ.CPA.TRAN.XQ","","","","","","","","","","","","","","","","","","","","","","","","","","","","","","","","","","","","","","","","","","","","","","","","","","","","","","","","","","","","",
"Latvia","LVA","CPIA transparency, accountability, and corruption in the public sector rating (1=low to 6=high)","IQ.CPA.TRAN.XQ","","","","","","","","","","","","","","","","","","","","","","","","","","","","","","","","","","","","","","","","","","","","","","","","","","","","","","","","","","","","",
"Macao SAR, China","MAC","CPIA transparency, accountability, and corruption in the public sector rating (1=low to 6=high)","IQ.CPA.TRAN.XQ","","","","","","","","","","","","","","","","","","","","","","","","","","","","","","","","","","","","","","","","","","","","","","","","","","","","","","","","","","","","",
"St. Martin (French part)","MAF","CPIA transparency, accountability, and corruption in the public sector rating (1=low to 6=high)","IQ.CPA.TRAN.XQ","","","","","","","","","","","","","","","","","","","","","","","","","","","","","","","","","","","","","","","","","","","","","","","","","","","","","","","","","","","","",
"Morocco","MAR","CPIA transparency, accountability, and corruption in the public sector rating (1=low to 6=high)","IQ.CPA.TRAN.XQ","","","","","","","","","","","","","","","","","","","","","","","","","","","","","","","","","","","","","","","","","","","","","","","","","","","","","","","","","","","","",
"Monaco","MCO","CPIA transparency, accountability, and corruption in the public sector rating (1=low to 6=high)","IQ.CPA.TRAN.XQ","","","","","","","","","","","","","","","","","","","","","","","","","","","","","","","","","","","","","","","","","","","","","","","","","","","","","","","","","","","","",
"Moldova","MDA","CPIA transparency, accountability, and corruption in the public sector rating (1=low to 6=high)","IQ.CPA.TRAN.XQ","","","","","","","","","","","","","","","","","","","","","","","","","","","","","","","","","","","","","","","","","","","","","","3","3","3","3","3","3","3.5","3.5","3.5","3","2.5","2.5","2.5","2.5","",
"Madagascar","MDG","CPIA transparency, accountability, and corruption in the public sector rating (1=low to 6=high)","IQ.CPA.TRAN.XQ","","","","","","","","","","","","","","","","","","","","","","","","","","","","","","","","","","","","","","","","","","","","","","3.5","3.5","3.5","3.5","2.5","2.5","2.5","2.5","2","2.5","2.5","2.5","2.5","2.5","",
"Maldives","MDV","CPIA transparency, accountability, and corruption in the public sector rating (1=low to 6=high)","IQ.CPA.TRAN.XQ","","","","","","","","","","","","","","","","","","","","","","","","","","","","","","","","","","","","","","","","","","","","","","3","2.5","2.5","2.5","3","3","3","3","3","3","3","3","2.5","2.5","",
"Middle East & North Africa","MEA","CPIA transparency, accountability, and corruption in the public sector rating (1=low to 6=high)","IQ.CPA.TRAN.XQ","","","","","","","","","","","","","","","","","","","","","","","","","","","","","","","","","","","","","","","","","","","","","","2.75","2.75","2.75","2.75","2.75","2.5","2.5","2.25","2.25","2.25","2","2","2","2","",
"Mexico","MEX","CPIA transparency, accountability, and corruption in the public sector rating (1=low to 6=high)","IQ.CPA.TRAN.XQ","","","","","","","","","","","","","","","","","","","","","","","","","","","","","","","","","","","","","","","","","","","","","","","","","","","","","","","","","","","","",
"Marshall Islands","MHL","CPIA transparency, accountability, and corruption in the public sector rating (1=low to 6=high)","IQ.CPA.TRAN.XQ","","","","","","","","","","","","","","","","","","","","","","","","","","","","","","","","","","","","","","","","","","","","","","","","","","","","3.5","3.5","3.5","3.5","3.5","3.5","3.5","3.5","",
"Middle income","MIC","CPIA transparency, accountability, and corruption in the public sector rating (1=low to 6=high)","IQ.CPA.TRAN.XQ","","","","","","","","","","","","","","","","","","","","","","","","","","","","","","","","","","","","","","","","","","","","","","2.97058823529412","2.96153846153846","3","3","3.01","2.99","3.04901960784314","3.08653846153846","3.10377358490566","3.08333333333333","3.08333333333333","3.05555555555556","3.04444444444444","3.04444444444444","",
"North Macedonia","MKD","CPIA transparency, accountability, and corruption in the public sector rating (1=low to 6=high)","IQ.CPA.TRAN.XQ","","","","","","","","","","","","","","","","","","","","","","","","","","","","","","","","","","","","","","","","","","","","","","","","","","","","","","","","","","","","",
"Mali","MLI","CPIA transparency, accountability, and corruption in the public sector rating (1=low to 6=high)","IQ.CPA.TRAN.XQ","","","","","","","","","","","","","","","","","","","","","","","","","","","","","","","","","","","","","","","","","","","","","","3.5","3.5","3.5","3.5","3.5","3.5","3.5","3","3","3","3","3","3","3","",
"Malta","MLT","CPIA transparency, accountability, and corruption in the public sector rating (1=low to 6=high)","IQ.CPA.TRAN.XQ","","","","","","","","","","","","","","","","","","","","","","","","","","","","","","","","","","","","","","","","","","","","","","","","","","","","","","","","","","","","",
"Myanmar","MMR","CPIA transparency, accountability, and corruption in the public sector rating (1=low to 6=high)","IQ.CPA.TRAN.XQ","","","","","","","","","","","","","","","","","","","","","","","","","","","","","","","","","","","","","","","","","","","","","","","","","","","","","","2.5","3","3","3","2.5","2.5","",
"Middle East & North Africa (excluding high income)","MNA","CPIA transparency, accountability, and corruption in the public sector rating (1=low to 6=high)","IQ.CPA.TRAN.XQ","","","","","","","","","","","","","","","","","","","","","","","","","","","","","","","","","","","","","","","","","","","","","","2.75","2.75","2.75","2.75","2.75","2.5","2.5","2.25","2.25","2.25","2","2","2","2","",
"Montenegro","MNE","CPIA transparency, accountability, and corruption in the public sector rating (1=low to 6=high)","IQ.CPA.TRAN.XQ","","","","","","","","","","","","","","","","","","","","","","","","","","","","","","","","","","","","","","","","","","","","","","","","","","","","","","","","","","","","",
"Mongolia","MNG","CPIA transparency, accountability, and corruption in the public sector rating (1=low to 6=high)","IQ.CPA.TRAN.XQ","","","","","","","","","","","","","","","","","","","","","","","","","","","","","","","","","","","","","","","","","","","","","","2.5","2.5","3","3","3","3","3.5","3.5","3.5","3.5","3.5","3.5","3.5","3","",
"Northern Mariana Islands","MNP","CPIA transparency, accountability, and corruption in the public sector rating (1=low to 6=high)","IQ.CPA.TRAN.XQ","","","","","","","","","","","","","","","","","","","","","","","","","","","","","","","","","","","","","","","","","","","","","","","","","","","","","","","","","","","","",
"Mozambique","MOZ","CPIA transparency, accountability, and corruption in the public sector rating (1=low to 6=high)","IQ.CPA.TRAN.XQ","","","","","","","","","","","","","","","","","","","","","","","","","","","","","","","","","","","","","","","","","","","","","","3","3","3","3","3","3","3","3","3","3","2.5","2.5","2.5","2.5","",
"Mauritania","MRT","CPIA transparency, accountability, and corruption in the public sector rating (1=low to 6=high)","IQ.CPA.TRAN.XQ","","","","","","","","","","","","","","","","","","","","","","","","","","","","","","","","","","","","","","","","","","","","","","2.5","2.5","3","2.5","2.5","2.5","2.5","2.5","2.5","3","3","3","3","3","",
"Mauritius","MUS","CPIA transparency, accountability, and corruption in the public sector rating (1=low to 6=high)","IQ.CPA.TRAN.XQ","","","","","","","","","","","","","","","","","","","","","","","","","","","","","","","","","","","","","","","","","","","","","","","","","","","","","","","","","","","","",
"Malawi","MWI","CPIA transparency, accountability, and corruption in the public sector rating (1=low to 6=high)","IQ.CPA.TRAN.XQ","","","","","","","","","","","","","","","","","","","","","","","","","","","","","","","","","","","","","","","","","","","","","","3","3","3","3","3","3","3","3","2.5","2.5","2.5","2.5","2.5","2.5","",
"Malaysia","MYS","CPIA transparency, accountability, and corruption in the public sector rating (1=low to 6=high)","IQ.CPA.TRAN.XQ","","","","","","","","","","","","","","","","","","","","","","","","","","","","","","","","","","","","","","","","","","","","","","","","","","","","","","","","","","","","",
"North America","NAC","CPIA transparency, accountability, and corruption in the public sector rating (1=low to 6=high)","IQ.CPA.TRAN.XQ","","","","","","","","","","","","","","","","","","","","","","","","","","","","","","","","","","","","","","","","","","","","","","","","","","","","","","","","","","","","",
"Namibia","NAM","CPIA transparency, accountability, and corruption in the public sector rating (1=low to 6=high)","IQ.CPA.TRAN.XQ","","","","","","","","","","","","","","","","","","","","","","","","","","","","","","","","","","","","","","","","","","","","","","","","","","","","","","","","","","","","",
"New Caledonia","NCL","CPIA transparency, accountability, and corruption in the public sector rating (1=low to 6=high)","IQ.CPA.TRAN.XQ","","","","","","","","","","","","","","","","","","","","","","","","","","","","","","","","","","","","","","","","","","","","","","","","","","","","","","","","","","","","",
"Niger","NER","CPIA transparency, accountability, and corruption in the public sector rating (1=low to 6=high)","IQ.CPA.TRAN.XQ","","","","","","","","","","","","","","","","","","","","","","","","","","","","","","","","","","","","","","","","","","","","","","3","3","3","3","2.5","3","3","3","3","3","3","3","3","3","",
"Nigeria","NGA","CPIA transparency, accountability, and corruption in the public sector rating (1=low to 6=high)","IQ.CPA.TRAN.XQ","","","","","","","","","","","","","","","","","","","","","","","","","","","","","","","","","","","","","","","","","","","","","","3","3","3","3","3","3","3","3","3","3","3","3","3","3","",
"Nicaragua","NIC","CPIA transparency, accountability, and corruption in the public sector rating (1=low to 6=high)","IQ.CPA.TRAN.XQ","","","","","","","","","","","","","","","","","","","","","","","","","","","","","","","","","","","","","","","","","","","","","","3.5","3","3","3","3","2.5","2.5","2.5","3","3","3","2.5","2.5","2.5","",
"Netherlands","NLD","CPIA transparency, accountability, and corruption in the public sector rating (1=low to 6=high)","IQ.CPA.TRAN.XQ","","","","","","","","","","","","","","","","","","","","","","","","","","","","","","","","","","","","","","","","","","","","","","","","","","","","","","","","","","","","",
"Norway","NOR","CPIA transparency, accountability, and corruption in the public sector rating (1=low to 6=high)","IQ.CPA.TRAN.XQ","","","","","","","","","","","","","","","","","","","","","","","","","","","","","","","","","","","","","","","","","","","","","","","","","","","","","","","","","","","","",
"Nepal","NPL","CPIA transparency, accountability, and corruption in the public sector rating (1=low to 6=high)","IQ.CPA.TRAN.XQ","","","","","","","","","","","","","","","","","","","","","","","","","","","","","","","","","","","","","","","","","","","","","","2.5","3","3","3","3","2.5","3","3","3","3","3","3","3","3","",
"Nauru","NRU","CPIA transparency, accountability, and corruption in the public sector rating (1=low to 6=high)","IQ.CPA.TRAN.XQ","","","","","","","","","","","","","","","","","","","","","","","","","","","","","","","","","","","","","","","","","","","","","","","","","","","","","","","","","","","","",
"New Zealand","NZL","CPIA transparency, accountability, and corruption in the public sector rating (1=low to 6=high)","IQ.CPA.TRAN.XQ","","","","","","","","","","","","","","","","","","","","","","","","","","","","","","","","","","","","","","","","","","","","","","","","","","","","","","","","","","","","",
"OECD members","OED","CPIA transparency, accountability, and corruption in the public sector rating (1=low to 6=high)","IQ.CPA.TRAN.XQ","","","","","","","","","","","","","","","","","","","","","","","","","","","","","","","","","","","","","","","","","","","","","","","","","","","","","","","","","","","","",
"Oman","OMN","CPIA transparency, accountability, and corruption in the public sector rating (1=low to 6=high)","IQ.CPA.TRAN.XQ","","","","","","","","","","","","","","","","","","","","","","","","","","","","","","","","","","","","","","","","","","","","","","","","","","","","","","","","","","","","",
"Other small states","OSS","CPIA transparency, accountability, and corruption in the public sector rating (1=low to 6=high)","IQ.CPA.TRAN.XQ","","","","","","","","","","","","","","","","","","","","","","","","","","","","","","","","","","","","","","","","","","","","","","3.11111111111111","3.05","3.05","3.05","3.15","3.15","3.15","3.05","3.05","3","3","2.95","2.85","2.95","",
"Pakistan","PAK","CPIA transparency, accountability, and corruption in the public sector rating (1=low to 6=high)","IQ.CPA.TRAN.XQ","","","","","","","","","","","","","","","","","","","","","","","","","","","","","","","","","","","","","","","","","","","","","","2.5","2.5","2.5","2.5","2.5","2.5","2.5","2.5","2.5","2.5","3","3","3","3","",
"Panama","PAN","CPIA transparency, accountability, and corruption in the public sector rating (1=low to 6=high)","IQ.CPA.TRAN.XQ","","","","","","","","","","","","","","","","","","","","","","","","","","","","","","","","","","","","","","","","","","","","","","","","","","","","","","","","","","","","",
"Peru","PER","CPIA transparency, accountability, and corruption in the public sector rating (1=low to 6=high)","IQ.CPA.TRAN.XQ","","","","","","","","","","","","","","","","","","","","","","","","","","","","","","","","","","","","","","","","","","","","","","","","","","","","","","","","","","","","",
"Philippines","PHL","CPIA transparency, accountability, and corruption in the public sector rating (1=low to 6=high)","IQ.CPA.TRAN.XQ","","","","","","","","","","","","","","","","","","","","","","","","","","","","","","","","","","","","","","","","","","","","","","","","","","","","","","","","","","","","",
"Palau","PLW","CPIA transparency, accountability, and corruption in the public sector rating (1=low to 6=high)","IQ.CPA.TRAN.XQ","","","","","","","","","","","","","","","","","","","","","","","","","","","","","","","","","","","","","","","","","","","","","","","","","","","","","","","","","","","","",
"Papua New Guinea","PNG","CPIA transparency, accountability, and corruption in the public sector rating (1=low to 6=high)","IQ.CPA.TRAN.XQ","","","","","","","","","","","","","","","","","","","","","","","","","","","","","","","","","","","","","","","","","","","","","","3","3","3","3","3","3","3","3","3","3","3","3","3","3","",
"Poland","POL","CPIA transparency, accountability, and corruption in the public sector rating (1=low to 6=high)","IQ.CPA.TRAN.XQ","","","","","","","","","","","","","","","","","","","","","","","","","","","","","","","","","","","","","","","","","","","","","","","","","","","","","","","","","","","","",
"Pre-demographic dividend","PRE","CPIA transparency, accountability, and corruption in the public sector rating (1=low to 6=high)","IQ.CPA.TRAN.XQ","","","","","","","","","","","","","","","","","","","","","","","","","","","","","","","","","","","","","","","","","","","","","","2.71666666666667","2.6875","2.65625","2.625","2.59090909090909","2.57575757575758","2.62121212121212","2.54411764705882","2.54411764705882","2.60606060606061","2.56060606060606","2.56060606060606","2.51470588235294","2.54545454545455","",
"Puerto Rico","PRI","CPIA transparency, accountability, and corruption in the public sector rating (1=low to 6=high)","IQ.CPA.TRAN.XQ","","","","","","","","","","","","","","","","","","","","","","","","","","","","","","","","","","","","","","","","","","","","","","","","","","","","","","","","","","","","",
"Korea, Dem. People’s Rep.","PRK","CPIA transparency, accountability, and corruption in the public sector rating (1=low to 6=high)","IQ.CPA.TRAN.XQ","","","","","","","","","","","","","","","","","","","","","","","","","","","","","","","","","","","","","","","","","","","","","","","","","","","","","","","","","","","","",
"Portugal","PRT","CPIA transparency, accountability, and corruption in the public sector rating (1=low to 6=high)","IQ.CPA.TRAN.XQ","","","","","","","","","","","","","","","","","","","","","","","","","","","","","","","","","","","","","","","","","","","","","","","","","","","","","","","","","","","","",
"Paraguay","PRY","CPIA transparency, accountability, and corruption in the public sector rating (1=low to 6=high)","IQ.CPA.TRAN.XQ","","","","","","","","","","","","","","","","","","","","","","","","","","","","","","","","","","","","","","","","","","","","","","","","","","","","","","","","","","","","",
"West Bank and Gaza","PSE","CPIA transparency, accountability, and corruption in the public sector rating (1=low to 6=high)","IQ.CPA.TRAN.XQ","","","","","","","","","","","","","","","","","","","","","","","","","","","","","","","","","","","","","","","","","","","","","","","","","","","","","","","","","","","","",
"Pacific island small states","PSS","CPIA transparency, accountability, and corruption in the public sector rating (1=low to 6=high)","IQ.CPA.TRAN.XQ","","","","","","","","","","","","","","","","","","","","","","","","","","","","","","","","","","","","","","","","","","","","","","3.1","3.1","3.2","3.3","3.3","3.3","3.35714285714286","3.4375","3.4375","3.4375","3.4375","3.4375","3.4375","3.4375","",
"Post-demographic dividend","PST","CPIA transparency, accountability, and corruption in the public sector rating (1=low to 6=high)","IQ.CPA.TRAN.XQ","","","","","","","","","","","","","","","","","","","","","","","","","","","","","","","","","","","","","","","","","","","","","","3","3","3","3","3","3","3","3","3","","","","","","",
"French Polynesia","PYF","CPIA transparency, accountability, and corruption in the public sector rating (1=low to 6=high)","IQ.CPA.TRAN.XQ","","","","","","","","","","","","","","","","","","","","","","","","","","","","","","","","","","","","","","","","","","","","","","","","","","","","","","","","","","","","",
"Qatar","QAT","CPIA transparency, accountability, and corruption in the public sector rating (1=low to 6=high)","IQ.CPA.TRAN.XQ","","","","","","","","","","","","","","","","","","","","","","","","","","","","","","","","","","","","","","","","","","","","","","","","","","","","","","","","","","","","",
"Romania","ROU","CPIA transparency, accountability, and corruption in the public sector rating (1=low to 6=high)","IQ.CPA.TRAN.XQ","","","","","","","","","","","","","","","","","","","","","","","","","","","","","","","","","","","","","","","","","","","","","","","","","","","","","","","","","","","","",
"Russian Federation","RUS","CPIA transparency, accountability, and corruption in the public sector rating (1=low to 6=high)","IQ.CPA.TRAN.XQ","","","","","","","","","","","","","","","","","","","","","","","","","","","","","","","","","","","","","","","","","","","","","","","","","","","","","","","","","","","","",
"Rwanda","RWA","CPIA transparency, accountability, and corruption in the public sector rating (1=low to 6=high)","IQ.CPA.TRAN.XQ","","","","","","","","","","","","","","","","","","","","","","","","","","","","","","","","","","","","","","","","","","","","","","3","3","3.5","3.5","3.5","3.5","3.5","3.5","3.5","3.5","3.5","3.5","3.5","3.5","",
"South Asia","SAS","CPIA transparency, accountability, and corruption in the public sector rating (1=low to 6=high)","IQ.CPA.TRAN.XQ","","","","","","","","","","","","","","","","","","","","","","","","","","","","","","","","","","","","","","","","","","","","","","3.07142857142857","3","2.9375","2.9375","3.0625","3","3","3","3","2.92857142857143","3","3","2.91666666666667","2.91666666666667","",
"Saudi Arabia","SAU","CPIA transparency, accountability, and corruption in the public sector rating (1=low to 6=high)","IQ.CPA.TRAN.XQ","","","","","","","","","","","","","","","","","","","","","","","","","","","","","","","","","","","","","","","","","","","","","","","","","","","","","","","","","","","","",
"Sudan","SDN","CPIA transparency, accountability, and corruption in the public sector rating (1=low to 6=high)","IQ.CPA.TRAN.XQ","","","","","","","","","","","","","","","","","","","","","","","","","","","","","","","","","","","","","","","","","","","","","","2","2","2","2","1.5","1.5","1.5","1.5","1.5","1.5","1.5","1.5","1.5","1.5","",
"Senegal","SEN","CPIA transparency, accountability, and corruption in the public sector rating (1=low to 6=high)","IQ.CPA.TRAN.XQ","","","","","","","","","","","","","","","","","","","","","","","","","","","","","","","","","","","","","","","","","","","","","","3","3","3","3","3","3","3.5","3.5","3.5","3.5","3.5","3.5","3.5","3.5","",
"Singapore","SGP","CPIA transparency, accountability, and corruption in the public sector rating (1=low to 6=high)","IQ.CPA.TRAN.XQ","","","","","","","","","","","","","","","","","","","","","","","","","","","","","","","","","","","","","","","","","","","","","","","","","","","","","","","","","","","","",
"Solomon Islands","SLB","CPIA transparency, accountability, and corruption in the public sector rating (1=low to 6=high)","IQ.CPA.TRAN.XQ","","","","","","","","","","","","","","","","","","","","","","","","","","","","","","","","","","","","","","","","","","","","","","3","3","3","3","3","3","3","3","3","3","3","3","3","3","",
"Sierra Leone","SLE","CPIA transparency, accountability, and corruption in the public sector rating (1=low to 6=high)","IQ.CPA.TRAN.XQ","","","","","","","","","","","","","","","","","","","","","","","","","","","","","","","","","","","","","","","","","","","","","","2.5","2.5","2.5","2.5","3","3","3","3","3","3","3","3","3","3","",
"El Salvador","SLV","CPIA transparency, accountability, and corruption in the public sector rating (1=low to 6=high)","IQ.CPA.TRAN.XQ","","","","","","","","","","","","","","","","","","","","","","","","","","","","","","","","","","","","","","","","","","","","","","","","","","","","","","","","","","","","",
"San Marino","SMR","CPIA transparency, accountability, and corruption in the public sector rating (1=low to 6=high)","IQ.CPA.TRAN.XQ","","","","","","","","","","","","","","","","","","","","","","","","","","","","","","","","","","","","","","","","","","","","","","","","","","","","","","","","","","","","",
"Somalia","SOM","CPIA transparency, accountability, and corruption in the public sector rating (1=low to 6=high)","IQ.CPA.TRAN.XQ","","","","","","","","","","","","","","","","","","","","","","","","","","","","","","","","","","","","","","","","","","","","","","","","","","","","","","","","","","1.5","","",
"Serbia","SRB","CPIA transparency, accountability, and corruption in the public sector rating (1=low to 6=high)","IQ.CPA.TRAN.XQ","","","","","","","","","","","","","","","","","","","","","","","","","","","","","","","","","","","","","","","","","","","","","","3","2.5","","","","","","","","","","","","","",
"Sub-Saharan Africa (excluding high income)","SSA","CPIA transparency, accountability, and corruption in the public sector rating (1=low to 6=high)","IQ.CPA.TRAN.XQ","","","","","","","","","","","","","","","","","","","","","","","","","","","","","","","","","","","","","","","","","","","","","","2.7972972972973","2.77027027027027","2.77027027027027","2.74324324324324","2.72368421052632","2.71052631578947","2.77631578947368","2.70512820512821","2.70512820512821","2.73684210526316","2.71052631578947","2.68421052631579","2.65384615384615","2.71052631578947","",
"South Sudan","SSD","CPIA transparency, accountability, and corruption in the public sector rating (1=low to 6=high)","IQ.CPA.TRAN.XQ","","","","","","","","","","","","","","","","","","","","","","","","","","","","","","","","","","","","","","","","","","","","","","","","","","","","","2","2","2","1.5","1.5","1.5","1.5","",
"Sub-Saharan Africa","SSF","CPIA transparency, accountability, and corruption in the public sector rating (1=low to 6=high)","IQ.CPA.TRAN.XQ","","","","","","","","","","","","","","","","","","","","","","","","","","","","","","","","","","","","","","","","","","","","","","2.7972972972973","2.77027027027027","2.77027027027027","2.74324324324324","2.72368421052632","2.71052631578947","2.77631578947368","2.70512820512821","2.70512820512821","2.73684210526316","2.71052631578947","2.68421052631579","2.65384615384615","2.71052631578947","",
"Small states","SST","CPIA transparency, accountability, and corruption in the public sector rating (1=low to 6=high)","IQ.CPA.TRAN.XQ","","","","","","","","","","","","","","","","","","","","","","","","","","","","","","","","","","","","","","","","","","","","","","3.31578947368421","3.275","3.3","3.325","3.375","3.35","3.36363636363636","3.34782608695652","3.3695652173913","3.34782608695652","3.34782608695652","3.32608695652174","3.28260869565217","3.32608695652174","",
"Sao Tome and Principe","STP","CPIA transparency, accountability, and corruption in the public sector rating (1=low to 6=high)","IQ.CPA.TRAN.XQ","","","","","","","","","","","","","","","","","","","","","","","","","","","","","","","","","","","","","","","","","","","","","","3.5","3.5","3.5","3.5","3.5","3.5","3.5","3.5","3.5","3.5","3.5","3.5","3.5","3.5","",
"Suriname","SUR","CPIA transparency, accountability, and corruption in the public sector rating (1=low to 6=high)","IQ.CPA.TRAN.XQ","","","","","","","","","","","","","","","","","","","","","","","","","","","","","","","","","","","","","","","","","","","","","","","","","","","","","","","","","","","","",
"Slovak Republic","SVK","CPIA transparency, accountability, and corruption in the public sector rating (1=low to 6=high)","IQ.CPA.TRAN.XQ","","","","","","","","","","","","","","","","","","","","","","","","","","","","","","","","","","","","","","","","","","","","","","","","","","","","","","","","","","","","",
"Slovenia","SVN","CPIA transparency, accountability, and corruption in the public sector rating (1=low to 6=high)","IQ.CPA.TRAN.XQ","","","","","","","","","","","","","","","","","","","","","","","","","","","","","","","","","","","","","","","","","","","","","","","","","","","","","","","","","","","","",
"Sweden","SWE","CPIA transparency, accountability, and corruption in the public sector rating (1=low to 6=high)","IQ.CPA.TRAN.XQ","","","","","","","","","","","","","","","","","","","","","","","","","","","","","","","","","","","","","","","","","","","","","","","","","","","","","","","","","","","","",
"Eswatini","SWZ","CPIA transparency, accountability, and corruption in the public sector rating (1=low to 6=high)","IQ.CPA.TRAN.XQ","","","","","","","","","","","","","","","","","","","","","","","","","","","","","","","","","","","","","","","","","","","","","","","","","","","","","","","","","","","","",
"Sint Maarten (Dutch part)","SXM","CPIA transparency, accountability, and corruption in the public sector rating (1=low to 6=high)","IQ.CPA.TRAN.XQ","","","","","","","","","","","","","","","","","","","","","","","","","","","","","","","","","","","","","","","","","","","","","","","","","","","","","","","","","","","","",
"Seychelles","SYC","CPIA transparency, accountability, and corruption in the public sector rating (1=low to 6=high)","IQ.CPA.TRAN.XQ","","","","","","","","","","","","","","","","","","","","","","","","","","","","","","","","","","","","","","","","","","","","","","","","","","","","","","","","","","","","",
"Syrian Arab Republic","SYR","CPIA transparency, accountability, and corruption in the public sector rating (1=low to 6=high)","IQ.CPA.TRAN.XQ","","","","","","","","","","","","","","","","","","","","","","","","","","","","","","","","","","","","","","","","","","","","","","","","","","","","","","","","","","","","",
"Turks and Caicos Islands","TCA","CPIA transparency, accountability, and corruption in the public sector rating (1=low to 6=high)","IQ.CPA.TRAN.XQ","","","","","","","","","","","","","","","","","","","","","","","","","","","","","","","","","","","","","","","","","","","","","","","","","","","","","","","","","","","","",
"Chad","TCD","CPIA transparency, accountability, and corruption in the public sector rating (1=low to 6=high)","IQ.CPA.TRAN.XQ","","","","","","","","","","","","","","","","","","","","","","","","","","","","","","","","","","","","","","","","","","","","","","2","2","2","2","2","2","2","2","2","2.5","2.5","2.5","2.5","2.5","",
"East Asia & Pacific (IDA & IBRD countries)","TEA","CPIA transparency, accountability, and corruption in the public sector rating (1=low to 6=high)","IQ.CPA.TRAN.XQ","","","","","","","","","","","","","","","","","","","","","","","","","","","","","","","","","","","","","","","","","","","","","","2.86363636363636","2.875","2.95454545454545","3","2.95454545454545","3","3.07692307692308","3.14285714285714","3.1","3.13333333333333","3.13333333333333","3.14285714285714","3.10714285714286","3.03571428571429","",
"Europe & Central Asia (IDA & IBRD countries)","TEC","CPIA transparency, accountability, and corruption in the public sector rating (1=low to 6=high)","IQ.CPA.TRAN.XQ","","","","","","","","","","","","","","","","","","","","","","","","","","","","","","","","","","","","","","","","","","","","","","2.65","2.65","2.625","2.5625","2.61111111111111","2.66666666666667","2.875","3","3","2.7","2.6","2.6","2.6","2.6","",
"Togo","TGO","CPIA transparency, accountability, and corruption in the public sector rating (1=low to 6=high)","IQ.CPA.TRAN.XQ","","","","","","","","","","","","","","","","","","","","","","","","","","","","","","","","","","","","","","","","","","","","","","2","2","2","2","2","2.5","2.5","2.5","2.5","2.5","2.5","2.5","3","3","",
"Thailand","THA","CPIA transparency, accountability, and corruption in the public sector rating (1=low to 6=high)","IQ.CPA.TRAN.XQ","","","","","","","","","","","","","","","","","","","","","","","","","","","","","","","","","","","","","","","","","","","","","","","","","","","","","","","","","","","","",
"Tajikistan","TJK","CPIA transparency, accountability, and corruption in the public sector rating (1=low to 6=high)","IQ.CPA.TRAN.XQ","","","","","","","","","","","","","","","","","","","","","","","","","","","","","","","","","","","","","","","","","","","","","","2","2","2","2","2","2","2.5","2.5","2.5","2.5","2.5","2.5","2.5","2","",
"Turkmenistan","TKM","CPIA transparency, accountability, and corruption in the public sector rating (1=low to 6=high)","IQ.CPA.TRAN.XQ","","","","","","","","","","","","","","","","","","","","","","","","","","","","","","","","","","","","","","","","","","","","","","","","","","","","","","","","","","","","",
"Latin America & the Caribbean (IDA & IBRD countries)","TLA","CPIA transparency, accountability, and corruption in the public sector rating (1=low to 6=high)","IQ.CPA.TRAN.XQ","","","","","","","","","","","","","","","","","","","","","","","","","","","","","","","","","","","","","","","","","","","","","","3.44444444444444","3.44444444444444","3.44444444444444","3.44444444444444","3.5","3.38888888888889","3.38888888888889","3.38888888888889","3.5","3.5","3.44444444444444","3.4375","3.4375","3.4375","",
"Timor-Leste","TLS","CPIA transparency, accountability, and corruption in the public sector rating (1=low to 6=high)","IQ.CPA.TRAN.XQ","","","","","","","","","","","","","","","","","","","","","","","","","","","","","","","","","","","","","","","","","","","","","","","3","3","3","3","3","2.5","2.5","2.5","2.5","2.5","2.5","2.5","2.5","",
"Middle East & North Africa (IDA & IBRD countries)","TMN","CPIA transparency, accountability, and corruption in the public sector rating (1=low to 6=high)","IQ.CPA.TRAN.XQ","","","","","","","","","","","","","","","","","","","","","","","","","","","","","","","","","","","","","","","","","","","","","","2.75","2.75","2.75","2.75","2.75","2.5","2.5","2.25","2.25","2.25","2","2","2","2","",
"Tonga","TON","CPIA transparency, accountability, and corruption in the public sector rating (1=low to 6=high)","IQ.CPA.TRAN.XQ","","","","","","","","","","","","","","","","","","","","","","","","","","","","","","","","","","","","","","","","","","","","","","2","2","2.5","3.5","3.5","3.5","3.5","3.5","3.5","3.5","3.5","3.5","3.5","3.5","",
"South Asia (IDA & IBRD)","TSA","CPIA transparency, accountability, and corruption in the public sector rating (1=low to 6=high)","IQ.CPA.TRAN.XQ","","","","","","","","","","","","","","","","","","","","","","","","","","","","","","","","","","","","","","","","","","","","","","3.07142857142857","3","2.9375","2.9375","3.0625","3","3","3","3","2.92857142857143","3","3","2.91666666666667","2.91666666666667","",
"Sub-Saharan Africa (IDA & IBRD countries)","TSS","CPIA transparency, accountability, and corruption in the public sector rating (1=low to 6=high)","IQ.CPA.TRAN.XQ","","","","","","","","","","","","","","","","","","","","","","","","","","","","","","","","","","","","","","","","","","","","","","2.7972972972973","2.77027027027027","2.77027027027027","2.74324324324324","2.72368421052632","2.71052631578947","2.77631578947368","2.70512820512821","2.70512820512821","2.73684210526316","2.71052631578947","2.68421052631579","2.65384615384615","2.71052631578947","",
"Trinidad and Tobago","TTO","CPIA transparency, accountability, and corruption in the public sector rating (1=low to 6=high)","IQ.CPA.TRAN.XQ","","","","","","","","","","","","","","","","","","","","","","","","","","","","","","","","","","","","","","","","","","","","","","","","","","","","","","","","","","","","",
"Tunisia","TUN","CPIA transparency, accountability, and corruption in the public sector rating (1=low to 6=high)","IQ.CPA.TRAN.XQ","","","","","","","","","","","","","","","","","","","","","","","","","","","","","","","","","","","","","","","","","","","","","","","","","","","","","","","","","","","","",
"Turkey","TUR","CPIA transparency, accountability, and corruption in the public sector rating (1=low to 6=high)","IQ.CPA.TRAN.XQ","","","","","","","","","","","","","","","","","","","","","","","","","","","","","","","","","","","","","","","","","","","","","","","","","","","","","","","","","","","","",
"Tuvalu","TUV","CPIA transparency, accountability, and corruption in the public sector rating (1=low to 6=high)","IQ.CPA.TRAN.XQ","","","","","","","","","","","","","","","","","","","","","","","","","","","","","","","","","","","","","","","","","","","","","","","","","","","","","3","3","3.5","3.5","3.5","3.5","3.5","",
"Tanzania","TZA","CPIA transparency, accountability, and corruption in the public sector rating (1=low to 6=high)","IQ.CPA.TRAN.XQ","","","","","","","","","","","","","","","","","","","","","","","","","","","","","","","","","","","","","","","","","","","","","","3.5","3.5","3.5","3","3","2.5","3","3","3","3","3","3","3","2.5","",
"Uganda","UGA","CPIA transparency, accountability, and corruption in the public sector rating (1=low to 6=high)","IQ.CPA.TRAN.XQ","","","","","","","","","","","","","","","","","","","","","","","","","","","","","","","","","","","","","","","","","","","","","","3","3","3","3","2.5","2.5","2.5","2","2","2","2","2","2","2.5","",
"Ukraine","UKR","CPIA transparency, accountability, and corruption in the public sector rating (1=low to 6=high)","IQ.CPA.TRAN.XQ","","","","","","","","","","","","","","","","","","","","","","","","","","","","","","","","","","","","","","","","","","","","","","","","","","","","","","","","","","","","",
"Upper middle income","UMC","CPIA transparency, accountability, and corruption in the public sector rating (1=low to 6=high)","IQ.CPA.TRAN.XQ","","","","","","","","","","","","","","","","","","","","","","","","","","","","","","","","","","","","","","","","","","","","","","3.3","3.26666666666667","3.34615384615385","3.38461538461538","3.39285714285714","3.39285714285714","3.46428571428571","3.46666666666667","3.5","3.58333333333333","3.58333333333333","3.63636363636364","3.59090909090909","3.59090909090909","",
"Uruguay","URY","CPIA transparency, accountability, and corruption in the public sector rating (1=low to 6=high)","IQ.CPA.TRAN.XQ","","","","","","","","","","","","","","","","","","","","","","","","","","","","","","","","","","","","","","","","","","","","","","","","","","","","","","","","","","","","",
"United States","USA","CPIA transparency, accountability, and corruption in the public sector rating (1=low to 6=high)","IQ.CPA.TRAN.XQ","","","","","","","","","","","","","","","","","","","","","","","","","","","","","","","","","","","","","","","","","","","","","","","","","","","","","","","","","","","","",
"Uzbekistan","UZB","CPIA transparency, accountability, and corruption in the public sector rating (1=low to 6=high)","IQ.CPA.TRAN.XQ","","","","","","","","","","","","","","","","","","","","","","","","","","","","","","","","","","","","","","","","","","","","","","1.5","1.5","1.5","1.5","1.5","1.5","2","2","2","2","2","2","2","2.5","",
"St. Vincent and the Grenadines","VCT","CPIA transparency, accountability, and corruption in the public sector rating (1=low to 6=high)","IQ.CPA.TRAN.XQ","","","","","","","","","","","","","","","","","","","","","","","","","","","","","","","","","","","","","","","","","","","","","","4","4","4","4","4","4","4","4","4","4","4","4","4","4","",
"Venezuela, RB","VEN","CPIA transparency, accountability, and corruption in the public sector rating (1=low to 6=high)","IQ.CPA.TRAN.XQ","","","","","","","","","","","","","","","","","","","","","","","","","","","","","","","","","","","","","","","","","","","","","","","","","","","","","","","","","","","","",
"British Virgin Islands","VGB","CPIA transparency, accountability, and corruption in the public sector rating (1=low to 6=high)","IQ.CPA.TRAN.XQ","","","","","","","","","","","","","","","","","","","","","","","","","","","","","","","","","","","","","","","","","","","","","","","","","","","","","","","","","","","","",
"Virgin Islands (U.S.)","VIR","CPIA transparency, accountability, and corruption in the public sector rating (1=low to 6=high)","IQ.CPA.TRAN.XQ","","","","","","","","","","","","","","","","","","","","","","","","","","","","","","","","","","","","","","","","","","","","","","","","","","","","","","","","","","","","",
"Vietnam","VNM","CPIA transparency, accountability, and corruption in the public sector rating (1=low to 6=high)","IQ.CPA.TRAN.XQ","","","","","","","","","","","","","","","","","","","","","","","","","","","","","","","","","","","","","","","","","","","","","","3","3","3","3","3","3","3","3","3","3","3","","","","",
"Vanuatu","VUT","CPIA transparency, accountability, and corruption in the public sector rating (1=low to 6=high)","IQ.CPA.TRAN.XQ","","","","","","","","","","","","","","","","","","","","","","","","","","","","","","","","","","","","","","","","","","","","","","3","3","3","3","3","3","3","3.5","3.5","3","3","3","3","3","",
"World","WLD","CPIA transparency, accountability, and corruption in the public sector rating (1=low to 6=high)","IQ.CPA.TRAN.XQ","","","","","","","","","","","","","","","","","","","","","","","","","","","","","","","","","","","","","","","","","","","","","","2.88815789473684","2.87179487179487","2.88","2.86666666666667","2.87012987012987","2.85064935064935","2.92307692307692","2.90625","2.91358024691358","2.90789473684211","2.88157894736842","2.85616438356164","2.82432432432432","2.84246575342466","",
"Samoa","WSM","CPIA transparency, accountability, and corruption in the public sector rating (1=low to 6=high)","IQ.CPA.TRAN.XQ","","","","","","","","","","","","","","","","","","","","","","","","","","","","","","","","","","","","","","","","","","","","","","4","4","4","4","4","4","4","4","4","4","4","4","4","4","",
"Kosovo","XKX","CPIA transparency, accountability, and corruption in the public sector rating (1=low to 6=high)","IQ.CPA.TRAN.XQ","","","","","","","","","","","","","","","","","","","","","","","","","","","","","","","","","","","","","","","","","","","","","","","","","","3","3","3","3","3","3","3","3","3","3","",
"Yemen, Rep.","YEM","CPIA transparency, accountability, and corruption in the public sector rating (1=low to 6=high)","IQ.CPA.TRAN.XQ","","","","","","","","","","","","","","","","","","","","","","","","","","","","","","","","","","","","","","","","","","","","","","3","3","3","3","3","2.5","2.5","2","2","2","1.5","1.5","1.5","1.5","",
"South Africa","ZAF","CPIA transparency, accountability, and corruption in the public sector rating (1=low to 6=high)","IQ.CPA.TRAN.XQ","","","","","","","","","","","","","","","","","","","","","","","","","","","","","","","","","","","","","","","","","","","","","","","","","","","","","","","","","","","","",
"Zambia","ZMB","CPIA transparency, accountability, and corruption in the public sector rating (1=low to 6=high)","IQ.CPA.TRAN.XQ","","","","","","","","","","","","","","","","","","","","","","","","","","","","","","","","","","","","","","","","","","","","","","3","3","3","3","3","2.5","2.5","3","3","3","3","3","3","2.5","",
"Zimbabwe","ZWE","CPIA transparency, accountability, and corruption in the public sector rating (1=low to 6=high)","IQ.CPA.TRAN.XQ","","","","","","","","","","","","","","","","","","","","","","","","","","","","","","","","","","","","","","","","","","","","","","1.5","1","1","1","1.5","1.5","1.5","1.5","1.5","1.5","2","2","2","2.5","",
